,center_lat,center_lon,time_range_start,time_range_end,size_bbox,land_cover_value,land_cover_label
0,48.5125,24.2013888888889,2017-04-08,2018-04-09,0.9,70,tree_needleleaved_evergreen_closed_to_open
1,48.5125,24.2013888888889,2021-05-06,2022-05-07,0.9,70,tree_needleleaved_evergreen_closed_to_open
2,51.6458333333333,24.1569444444445,2018-08-07,2019-08-08,0.9,70,tree_needleleaved_evergreen_closed_to_open
3,51.6458333333333,24.1569444444445,2021-05-29,2022-05-30,0.9,70,tree_needleleaved_evergreen_closed_to_open
4,61.7486111111111,5.0263888888889,2022-05-30,2023-05-31,0.9,70,tree_needleleaved_evergreen_closed_to_open
5,61.7486111111111,5.0263888888889,2018-01-22,2019-01-23,0.9,70,tree_needleleaved_evergreen_closed_to_open
6,60.3958333333333,29.7097222222222,2022-05-08,2023-05-09,0.9,70,tree_needleleaved_evergreen_closed_to_open
7,60.3958333333333,29.7097222222222,2018-11-22,2019-11-23,0.9,70,tree_needleleaved_evergreen_closed_to_open
8,44.4736111111111,4.72361111111113,2019-11-16,2020-11-16,0.9,70,tree_needleleaved_evergreen_closed_to_open
9,44.4736111111111,4.72361111111113,2023-02-08,2024-02-09,0.9,70,tree_needleleaved_evergreen_closed_to_open
10,61.0208333333333,14.1458333333333,2019-07-26,2020-07-26,0.9,70,tree_needleleaved_evergreen_closed_to_open
11,61.0208333333333,14.1458333333333,2022-08-04,2023-08-05,0.9,70,tree_needleleaved_evergreen_closed_to_open
12,49.4597222222222,18.3708333333333,2018-12-19,2019-12-20,0.9,70,tree_needleleaved_evergreen_closed_to_open
13,49.4597222222222,18.3708333333333,2021-01-25,2022-01-26,0.9,70,tree_needleleaved_evergreen_closed_to_open
14,58.6013888888889,8.84027777777777,2023-02-10,2024-02-11,0.9,70,tree_needleleaved_evergreen_closed_to_open
15,58.6013888888889,8.84027777777777,2020-03-09,2021-03-10,0.9,70,tree_needleleaved_evergreen_closed_to_open
16,57.4041666666667,25.3097222222222,2023-02-03,2024-02-04,0.9,70,tree_needleleaved_evergreen_closed_to_open
17,57.4041666666667,25.3097222222222,2017-07-18,2018-07-19,0.9,70,tree_needleleaved_evergreen_closed_to_open
18,60.2097222222222,19.5819444444444,2017-08-29,2018-08-30,0.9,70,tree_needleleaved_evergreen_closed_to_open
19,60.2097222222222,19.5819444444444,2022-12-12,2023-12-13,0.9,70,tree_needleleaved_evergreen_closed_to_open
20,56.8208333333333,24.1847222222222,2019-12-20,2020-12-20,0.9,70,tree_needleleaved_evergreen_closed_to_open
21,56.8208333333333,24.1847222222222,2023-03-28,2024-03-28,0.9,70,tree_needleleaved_evergreen_closed_to_open
22,57.6597222222222,14.9986111111111,2022-04-27,2023-04-28,0.9,70,tree_needleleaved_evergreen_closed_to_open
23,57.6597222222222,14.9986111111111,2019-11-25,2020-11-25,0.9,70,tree_needleleaved_evergreen_closed_to_open
24,46.9958333333333,13.4597222222222,2020-03-30,2021-03-31,0.9,70,tree_needleleaved_evergreen_closed_to_open
25,46.9958333333333,13.4597222222222,2023-01-18,2024-01-19,0.9,70,tree_needleleaved_evergreen_closed_to_open
26,61.6041666666667,22.8069444444444,2019-02-08,2020-02-09,0.9,70,tree_needleleaved_evergreen_closed_to_open
27,61.6041666666667,22.8069444444444,2021-04-04,2022-04-05,0.9,70,tree_needleleaved_evergreen_closed_to_open
28,61.6625,12.0597222222222,2020-07-14,2021-07-15,0.9,70,tree_needleleaved_evergreen_closed_to_open
29,61.6625,12.0597222222222,2017-09-01,2018-09-02,0.9,70,tree_needleleaved_evergreen_closed_to_open
30,46.6125,10.0263888888889,2018-06-20,2019-06-21,0.9,70,tree_needleleaved_evergreen_closed_to_open
31,46.6125,10.0263888888889,2023-05-20,2024-05-20,0.9,70,tree_needleleaved_evergreen_closed_to_open
32,53.0319444444445,12.6680555555556,2021-04-06,2022-04-07,0.9,70,tree_needleleaved_evergreen_closed_to_open
33,53.0319444444445,12.6680555555556,2018-04-14,2019-04-15,0.9,70,tree_needleleaved_evergreen_closed_to_open
34,50.2986111111111,11.3652777777778,2018-05-06,2019-05-07,0.9,70,tree_needleleaved_evergreen_closed_to_open
35,50.2986111111111,11.3652777777778,2021-08-17,2022-08-18,0.9,70,tree_needleleaved_evergreen_closed_to_open
36,59.2236111111111,16.7625,2021-05-07,2022-05-08,0.9,70,tree_needleleaved_evergreen_closed_to_open
37,59.2236111111111,16.7625,2017-05-02,2018-05-03,0.9,70,tree_needleleaved_evergreen_closed_to_open
38,52.0486111111111,25.7041666666667,2019-09-29,2020-09-29,0.9,70,tree_needleleaved_evergreen_closed_to_open
39,52.0486111111111,25.7041666666667,2021-11-28,2022-11-29,0.9,70,tree_needleleaved_evergreen_closed_to_open
40,49.1680555555556,13.3041666666667,2022-11-27,2023-11-28,0.9,70,tree_needleleaved_evergreen_closed_to_open
41,49.1680555555556,13.3041666666667,2020-04-08,2021-04-09,0.9,70,tree_needleleaved_evergreen_closed_to_open
42,61.2402777777778,7.13750000000002,2017-07-12,2018-07-13,0.9,70,tree_needleleaved_evergreen_closed_to_open
43,61.2402777777778,7.13750000000002,2023-08-22,2024-08-22,0.9,70,tree_needleleaved_evergreen_closed_to_open
44,51.5763888888889,13.8236111111111,2019-11-10,2020-11-10,0.9,70,tree_needleleaved_evergreen_closed_to_open
45,51.5763888888889,13.8236111111111,2022-09-18,2023-09-19,0.9,70,tree_needleleaved_evergreen_closed_to_open
46,45.8375,6.37361111111113,2022-11-18,2023-11-19,0.9,70,tree_needleleaved_evergreen_closed_to_open
47,45.8375,6.37361111111113,2019-10-25,2020-10-25,0.9,70,tree_needleleaved_evergreen_closed_to_open
48,55.7847222222222,23.0930555555556,2021-02-11,2022-02-12,0.9,70,tree_needleleaved_evergreen_closed_to_open
49,55.7847222222222,23.0930555555556,2018-03-16,2019-03-17,0.9,70,tree_needleleaved_evergreen_closed_to_open
50,60.5208333333333,17.4513888888889,2023-04-23,2024-04-23,0.9,70,tree_needleleaved_evergreen_closed_to_open
51,60.5208333333333,17.4513888888889,2021-06-22,2022-06-23,0.9,70,tree_needleleaved_evergreen_closed_to_open
52,44.1708333333334,6.99583333333334,2019-07-05,2020-07-05,0.9,70,tree_needleleaved_evergreen_closed_to_open
53,44.1708333333334,6.99583333333334,2023-04-20,2024-04-20,0.9,70,tree_needleleaved_evergreen_closed_to_open
54,60.5013888888889,22.5041666666667,2019-12-17,2020-12-17,0.9,70,tree_needleleaved_evergreen_closed_to_open
55,60.5013888888889,22.5041666666667,2023-04-21,2024-04-21,0.9,70,tree_needleleaved_evergreen_closed_to_open
56,59.9125,15.1458333333333,2018-11-28,2019-11-29,0.9,70,tree_needleleaved_evergreen_closed_to_open
57,59.9125,15.1458333333333,2021-05-31,2022-06-01,0.9,70,tree_needleleaved_evergreen_closed_to_open
58,50.4819444444445,20.9125,2022-01-02,2023-01-03,0.9,70,tree_needleleaved_evergreen_closed_to_open
59,50.4819444444445,20.9125,2019-04-26,2020-04-26,0.9,70,tree_needleleaved_evergreen_closed_to_open
60,51.3958333333333,28.0347222222222,2022-06-02,2023-06-03,0.9,70,tree_needleleaved_evergreen_closed_to_open
61,51.3958333333333,28.0347222222222,2018-08-09,2019-08-10,0.9,70,tree_needleleaved_evergreen_closed_to_open
62,48.9708333333333,19.9847222222222,2023-07-16,2024-07-16,0.9,70,tree_needleleaved_evergreen_closed_to_open
63,48.9708333333333,19.9847222222222,2017-02-16,2018-02-17,0.9,70,tree_needleleaved_evergreen_closed_to_open
64,52.5375,19.3347222222222,2021-08-10,2022-08-11,0.9,70,tree_needleleaved_evergreen_closed_to_open
65,52.5375,19.3347222222222,2018-12-28,2019-12-29,0.9,70,tree_needleleaved_evergreen_closed_to_open
66,61.6819444444444,26.2486111111111,2019-12-06,2020-12-06,0.9,70,tree_needleleaved_evergreen_closed_to_open
67,61.6819444444444,26.2486111111111,2022-06-02,2023-06-03,0.9,70,tree_needleleaved_evergreen_closed_to_open
68,55.1180555555556,25.9263888888889,2020-04-13,2021-04-14,0.9,70,tree_needleleaved_evergreen_closed_to_open
69,55.1180555555556,25.9263888888889,2018-04-27,2019-04-28,0.9,70,tree_needleleaved_evergreen_closed_to_open
70,50.7958333333334,9.44027777777779,2021-04-27,2022-04-28,0.9,70,tree_needleleaved_evergreen_closed_to_open
71,50.7958333333334,9.44027777777779,2019-05-27,2020-05-27,0.9,70,tree_needleleaved_evergreen_closed_to_open
72,53.3402777777778,8.74027777777778,2022-08-17,2023-08-18,0.9,70,tree_needleleaved_evergreen_closed_to_open
73,53.3402777777778,8.74027777777778,2019-05-25,2020-05-25,0.9,70,tree_needleleaved_evergreen_closed_to_open
74,49.2791666666667,14.5597222222222,2018-02-18,2019-02-19,0.9,70,tree_needleleaved_evergreen_closed_to_open
75,49.2791666666667,14.5597222222222,2022-06-08,2023-06-09,0.9,70,tree_needleleaved_evergreen_closed_to_open
76,53.4652777777778,28.3513888888889,2019-02-22,2020-02-23,0.9,70,tree_needleleaved_evergreen_closed_to_open
77,53.4652777777778,28.3513888888889,2022-05-31,2023-06-01,0.9,70,tree_needleleaved_evergreen_closed_to_open
78,43.9041666666667,17.2847222222222,2022-10-13,2023-10-14,0.9,70,tree_needleleaved_evergreen_closed_to_open
79,43.9041666666667,17.2847222222222,2016-12-17,2017-12-18,0.9,70,tree_needleleaved_evergreen_closed_to_open
80,57.9930555555556,11.9041666666667,2018-12-27,2019-12-28,0.9,70,tree_needleleaved_evergreen_closed_to_open
81,57.9930555555556,11.9041666666667,2023-08-31,2024-08-31,0.9,70,tree_needleleaved_evergreen_closed_to_open
82,45.6375,24.9652777777778,2021-05-22,2022-05-23,0.9,70,tree_needleleaved_evergreen_closed_to_open
83,45.6375,24.9652777777778,2017-12-01,2018-12-02,0.9,70,tree_needleleaved_evergreen_closed_to_open
84,49.2263888888889,10.9180555555556,2021-04-24,2022-04-25,0.9,70,tree_needleleaved_evergreen_closed_to_open
85,49.2263888888889,10.9180555555556,2017-12-17,2018-12-18,0.9,70,tree_needleleaved_evergreen_closed_to_open
86,51.8513888888889,6.92083333333335,2017-08-06,2018-08-07,0.9,70,tree_needleleaved_evergreen_closed_to_open
87,51.8513888888889,6.92083333333335,2020-10-22,2021-10-23,0.9,70,tree_needleleaved_evergreen_closed_to_open
88,57.3375,22.9652777777778,2020-05-14,2021-05-15,0.9,70,tree_needleleaved_evergreen_closed_to_open
89,57.3375,22.9652777777778,2018-06-12,2019-06-13,0.9,70,tree_needleleaved_evergreen_closed_to_open
90,45.7097222222222,13.9958333333333,2018-09-18,2019-09-19,0.9,70,tree_needleleaved_evergreen_closed_to_open
91,45.7097222222222,13.9958333333333,2020-04-27,2021-04-28,0.9,70,tree_needleleaved_evergreen_closed_to_open
92,46.8125,12.1069444444445,2018-01-30,2019-01-31,0.9,70,tree_needleleaved_evergreen_closed_to_open
93,46.8125,12.1069444444445,2023-04-06,2024-04-06,0.9,70,tree_needleleaved_evergreen_closed_to_open
94,60.8680555555556,21.4875,2022-03-29,2023-03-30,0.9,70,tree_needleleaved_evergreen_closed_to_open
95,60.8680555555556,21.4875,2019-05-30,2020-05-30,0.9,70,tree_needleleaved_evergreen_closed_to_open
96,43.4958333333333,3.11527777777778,2017-09-07,2018-09-08,0.9,70,tree_needleleaved_evergreen_closed_to_open
97,43.4958333333333,3.11527777777778,2021-01-06,2022-01-07,0.9,70,tree_needleleaved_evergreen_closed_to_open
98,52.3791666666667,15.6236111111111,2020-07-07,2021-07-08,0.9,70,tree_needleleaved_evergreen_closed_to_open
99,52.3791666666667,15.6236111111111,2017-11-03,2018-11-04,0.9,70,tree_needleleaved_evergreen_closed_to_open
100,43.6625,11.7208333333333,2019-10-26,2020-10-26,0.9,60,tree_broadleaved_deciduous_closed_to_open
101,43.6625,11.7208333333333,2023-01-15,2024-01-16,0.9,60,tree_broadleaved_deciduous_closed_to_open
102,54.7680555555556,11.3819444444445,2020-03-03,2021-03-04,0.9,60,tree_broadleaved_deciduous_closed_to_open
103,54.7680555555556,11.3819444444445,2023-02-19,2024-02-20,0.9,60,tree_broadleaved_deciduous_closed_to_open
104,45.7652777777778,26.8708333333333,2021-11-22,2022-11-23,0.9,60,tree_broadleaved_deciduous_closed_to_open
105,45.7652777777778,26.8708333333333,2019-03-23,2020-03-23,0.9,60,tree_broadleaved_deciduous_closed_to_open
106,45.5902777777778,2.01250000000002,2021-01-05,2022-01-06,0.9,60,tree_broadleaved_deciduous_closed_to_open
107,45.5902777777778,2.01250000000002,2019-06-11,2020-06-11,0.9,60,tree_broadleaved_deciduous_closed_to_open
108,57.4319444444444,29.1486111111111,2018-06-30,2019-07-01,0.9,60,tree_broadleaved_deciduous_closed_to_open
109,57.4319444444444,29.1486111111111,2022-10-09,2023-10-10,0.9,60,tree_broadleaved_deciduous_closed_to_open
110,42.1819444444444,2.64027777777778,2020-09-07,2021-09-08,0.9,60,tree_broadleaved_deciduous_closed_to_open
111,42.1819444444444,2.64027777777778,2018-04-17,2019-04-18,0.9,60,tree_broadleaved_deciduous_closed_to_open
112,47.8680555555556,25.7152777777778,2022-07-08,2023-07-09,0.9,60,tree_broadleaved_deciduous_closed_to_open
113,47.8680555555556,25.7152777777778,2020-12-12,2021-12-13,0.9,60,tree_broadleaved_deciduous_closed_to_open
114,46.9125,2.35694444444445,2023-07-23,2024-07-23,0.9,60,tree_broadleaved_deciduous_closed_to_open
115,46.9125,2.35694444444445,2020-02-01,2021-02-01,0.9,60,tree_broadleaved_deciduous_closed_to_open
116,55.5125,8.85972222222222,2019-03-25,2020-03-25,0.9,60,tree_broadleaved_deciduous_closed_to_open
117,55.5125,8.85972222222222,2021-04-04,2022-04-05,0.9,60,tree_broadleaved_deciduous_closed_to_open
118,42.9958333333333,23.6069444444445,2020-07-17,2021-07-18,0.9,60,tree_broadleaved_deciduous_closed_to_open
119,42.9958333333333,23.6069444444445,2017-01-29,2018-01-30,0.9,60,tree_broadleaved_deciduous_closed_to_open
120,47.6263888888889,3.18194444444444,2018-07-09,2019-07-10,0.9,60,tree_broadleaved_deciduous_closed_to_open
121,47.6263888888889,3.18194444444444,2022-01-28,2023-01-29,0.9,60,tree_broadleaved_deciduous_closed_to_open
122,54.7319444444445,20.8013888888889,2017-08-08,2018-08-09,0.9,60,tree_broadleaved_deciduous_closed_to_open
123,54.7319444444445,20.8013888888889,2020-04-10,2021-04-11,0.9,60,tree_broadleaved_deciduous_closed_to_open
124,48.4458333333333,21.5930555555556,2020-05-07,2021-05-08,0.9,60,tree_broadleaved_deciduous_closed_to_open
125,48.4458333333333,21.5930555555556,2017-11-24,2018-11-25,0.9,60,tree_broadleaved_deciduous_closed_to_open
126,43.4458333333333,20.0319444444445,2021-06-25,2022-06-26,0.9,60,tree_broadleaved_deciduous_closed_to_open
127,43.4458333333333,20.0319444444445,2019-04-28,2020-04-28,0.9,60,tree_broadleaved_deciduous_closed_to_open
128,44.9763888888889,21.8125,2018-11-23,2019-11-24,0.9,60,tree_broadleaved_deciduous_closed_to_open
129,44.9763888888889,21.8125,2023-02-16,2024-02-17,0.9,60,tree_broadleaved_deciduous_closed_to_open
130,42.4513888888889,21.6763888888889,2018-12-02,2019-12-03,0.9,60,tree_broadleaved_deciduous_closed_to_open
131,42.4513888888889,21.6763888888889,2023-01-07,2024-01-08,0.9,60,tree_broadleaved_deciduous_closed_to_open
132,55.4236111111111,10.2069444444444,2021-01-30,2022-01-31,0.9,60,tree_broadleaved_deciduous_closed_to_open
133,55.4236111111111,10.2069444444444,2019-01-27,2020-01-28,0.9,60,tree_broadleaved_deciduous_closed_to_open
134,60.2152777777778,6.55972222222223,2017-10-31,2018-11-01,0.9,60,tree_broadleaved_deciduous_closed_to_open
135,60.2152777777778,6.55972222222223,2022-09-09,2023-09-10,0.9,60,tree_broadleaved_deciduous_closed_to_open
136,42.6986111111111,26.5430555555556,2022-01-06,2023-01-07,0.9,60,tree_broadleaved_deciduous_closed_to_open
137,42.6986111111111,26.5430555555556,2017-07-18,2018-07-19,0.9,60,tree_broadleaved_deciduous_closed_to_open
138,43.5013888888889,18.7458333333333,2019-03-26,2020-03-26,0.9,60,tree_broadleaved_deciduous_closed_to_open
139,43.5013888888889,18.7458333333333,2020-12-15,2021-12-16,0.9,60,tree_broadleaved_deciduous_closed_to_open
140,46.8819444444445,19.9763888888889,2021-01-12,2022-01-13,0.9,60,tree_broadleaved_deciduous_closed_to_open
141,46.8819444444445,19.9763888888889,2018-11-19,2019-11-20,0.9,60,tree_broadleaved_deciduous_closed_to_open
142,48.0125,6.14305555555555,2022-04-01,2023-04-02,0.9,60,tree_broadleaved_deciduous_closed_to_open
143,48.0125,6.14305555555555,2016-11-17,2017-11-18,0.9,60,tree_broadleaved_deciduous_closed_to_open
144,56.0652777777778,27.6819444444444,2020-11-28,2021-11-29,0.9,60,tree_broadleaved_deciduous_closed_to_open
145,56.0652777777778,27.6819444444444,2018-09-02,2019-09-03,0.9,60,tree_broadleaved_deciduous_closed_to_open
146,47.7875,23.3319444444444,2021-09-08,2022-09-09,0.9,60,tree_broadleaved_deciduous_closed_to_open
147,47.7875,23.3319444444444,2018-07-18,2019-07-19,0.9,60,tree_broadleaved_deciduous_closed_to_open
148,57.0180555555556,27.1680555555556,2019-11-01,2020-11-01,0.9,60,tree_broadleaved_deciduous_closed_to_open
149,57.0180555555556,27.1680555555556,2021-07-03,2022-07-04,0.9,60,tree_broadleaved_deciduous_closed_to_open
150,52.7347222222222,26.6041666666667,2019-08-07,2020-08-07,0.9,60,tree_broadleaved_deciduous_closed_to_open
151,52.7347222222222,26.6041666666667,2022-04-15,2023-04-16,0.9,60,tree_broadleaved_deciduous_closed_to_open
152,45.1208333333333,15.7625,2021-03-04,2022-03-05,0.9,60,tree_broadleaved_deciduous_closed_to_open
153,45.1208333333333,15.7625,2018-10-10,2019-10-11,0.9,60,tree_broadleaved_deciduous_closed_to_open
154,45.5513888888889,8.48194444444445,2018-06-15,2019-06-16,0.9,60,tree_broadleaved_deciduous_closed_to_open
155,45.5513888888889,8.48194444444445,2020-04-29,2021-04-30,0.9,60,tree_broadleaved_deciduous_closed_to_open
156,42.8375,13.3319444444444,2019-08-25,2020-08-25,0.9,60,tree_broadleaved_deciduous_closed_to_open
157,42.8375,13.3319444444444,2022-05-12,2023-05-13,0.9,60,tree_broadleaved_deciduous_closed_to_open
158,46.4708333333333,5.55416666666667,2022-08-31,2023-09-01,0.9,60,tree_broadleaved_deciduous_closed_to_open
159,46.4708333333333,5.55416666666667,2017-04-02,2018-04-03,0.9,60,tree_broadleaved_deciduous_closed_to_open
160,44.0736111111111,26.7180555555556,2023-03-09,2024-03-09,0.9,60,tree_broadleaved_deciduous_closed_to_open
161,44.0736111111111,26.7180555555556,2018-10-28,2019-10-29,0.9,60,tree_broadleaved_deciduous_closed_to_open
162,56.0597222222222,29.5625,2018-01-02,2019-01-03,0.9,60,tree_broadleaved_deciduous_closed_to_open
163,56.0597222222222,29.5625,2020-08-01,2021-08-02,0.9,60,tree_broadleaved_deciduous_closed_to_open
164,44.5819444444444,1.45416666666668,2023-08-31,2024-08-31,0.9,60,tree_broadleaved_deciduous_closed_to_open
165,44.5819444444444,1.45416666666668,2017-06-14,2018-06-15,0.9,60,tree_broadleaved_deciduous_closed_to_open
166,45.3125,17.3430555555556,2020-01-29,2021-01-29,0.9,60,tree_broadleaved_deciduous_closed_to_open
167,45.3125,17.3430555555556,2023-03-05,2024-03-05,0.9,60,tree_broadleaved_deciduous_closed_to_open
168,49.3736111111111,2.97083333333333,2017-05-07,2018-05-08,0.9,60,tree_broadleaved_deciduous_closed_to_open
169,49.3736111111111,2.97083333333333,2022-11-17,2023-11-18,0.9,60,tree_broadleaved_deciduous_closed_to_open
170,46.7819444444445,26.4236111111111,2019-03-01,2020-03-01,0.9,60,tree_broadleaved_deciduous_closed_to_open
171,46.7819444444445,26.4236111111111,2022-01-05,2023-01-06,0.9,60,tree_broadleaved_deciduous_closed_to_open
172,49.8125,25.0791666666667,2021-03-09,2022-03-10,0.9,60,tree_broadleaved_deciduous_closed_to_open
173,49.8125,25.0791666666667,2018-12-02,2019-12-03,0.9,60,tree_broadleaved_deciduous_closed_to_open
174,51.1152777777778,17.2763888888889,2018-10-28,2019-10-29,0.9,60,tree_broadleaved_deciduous_closed_to_open
175,51.1152777777778,17.2763888888889,2021-03-06,2022-03-07,0.9,60,tree_broadleaved_deciduous_closed_to_open
176,45.9375,18.7541666666667,2022-09-21,2023-09-22,0.9,60,tree_broadleaved_deciduous_closed_to_open
177,45.9375,18.7541666666667,2020-09-26,2021-09-27,0.9,60,tree_broadleaved_deciduous_closed_to_open
178,47.5680555555556,4.75694444444446,2018-06-13,2019-06-14,0.9,60,tree_broadleaved_deciduous_closed_to_open
179,47.5680555555556,4.75694444444446,2022-04-29,2023-04-30,0.9,60,tree_broadleaved_deciduous_closed_to_open
180,48.7236111111111,1.77083333333334,2020-07-28,2021-07-29,0.9,60,tree_broadleaved_deciduous_closed_to_open
181,48.7236111111111,1.77083333333334,2017-03-07,2018-03-08,0.9,60,tree_broadleaved_deciduous_closed_to_open
182,54.1458333333333,10.5625,2022-09-06,2023-09-07,0.9,60,tree_broadleaved_deciduous_closed_to_open
183,54.1458333333333,10.5625,2020-03-14,2021-03-15,0.9,60,tree_broadleaved_deciduous_closed_to_open
184,42.7708333333333,25.5430555555556,2016-11-13,2017-11-14,0.9,60,tree_broadleaved_deciduous_closed_to_open
185,42.7708333333333,25.5430555555556,2020-09-16,2021-09-17,0.9,60,tree_broadleaved_deciduous_closed_to_open
186,47.6013888888889,1.49305555555557,2017-07-13,2018-07-14,0.9,60,tree_broadleaved_deciduous_closed_to_open
187,47.6013888888889,1.49305555555557,2020-01-24,2021-01-24,0.9,60,tree_broadleaved_deciduous_closed_to_open
188,48.6902777777778,26.8791666666667,2020-12-25,2021-12-26,0.9,61,tree_broadleaved_deciduous_closed
189,48.6902777777778,26.8791666666667,2017-06-03,2018-06-04,0.9,61,tree_broadleaved_deciduous_closed
190,46.7486111111111,23.2763888888889,2023-08-25,2024-08-25,0.9,60,tree_broadleaved_deciduous_closed_to_open
191,46.7486111111111,23.2763888888889,2021-09-18,2022-09-19,0.9,60,tree_broadleaved_deciduous_closed_to_open
192,45.4708333333333,23.3013888888889,2022-01-22,2023-01-23,0.9,60,tree_broadleaved_deciduous_closed_to_open
193,45.4708333333333,23.3013888888889,2018-01-22,2019-01-23,0.9,60,tree_broadleaved_deciduous_closed_to_open
194,53.9625,29.3958333333333,2018-02-27,2019-02-28,0.9,60,tree_broadleaved_deciduous_closed_to_open
195,53.9625,29.3958333333333,2021-09-29,2022-09-30,0.9,60,tree_broadleaved_deciduous_closed_to_open
196,48.1152777777778,28.2569444444445,2019-01-26,2020-01-27,0.9,60,tree_broadleaved_deciduous_closed_to_open
197,48.1152777777778,28.2569444444445,2022-08-07,2023-08-08,0.9,60,tree_broadleaved_deciduous_closed_to_open
198,58.6263888888889,25.2152777777778,2020-02-26,2021-02-26,0.9,60,tree_broadleaved_deciduous_closed_to_open
199,58.6263888888889,25.2152777777778,2022-09-02,2023-09-03,0.9,60,tree_broadleaved_deciduous_closed_to_open
200,43.1486111111111,0.176388888888908,2019-12-04,2020-12-04,0.9,130,grassland
201,43.1486111111111,0.176388888888908,2023-02-07,2024-02-08,0.9,130,grassland
202,53.1763888888889,5.95972222222224,2018-09-21,2019-09-22,0.9,130,grassland
203,53.1763888888889,5.95972222222224,2020-08-05,2021-08-06,0.9,130,grassland
204,50.3791666666667,3.79861111111111,2020-10-05,2021-10-06,0.9,130,grassland
205,50.3791666666667,3.79861111111111,2017-11-04,2018-11-05,0.9,130,grassland
206,47.8513888888889,11.8736111111111,2017-06-22,2018-06-23,0.9,130,grassland
207,47.8513888888889,11.8736111111111,2023-02-17,2024-02-18,0.9,130,grassland
208,52.9486111111111,18.2208333333333,2019-04-18,2020-04-18,0.9,130,grassland
209,52.9486111111111,18.2208333333333,2021-02-25,2022-02-26,0.9,130,grassland
210,45.3569444444445,20.1791666666667,2016-12-23,2017-12-24,0.9,130,grassland
211,45.3569444444445,20.1791666666667,2021-12-23,2022-12-24,0.9,130,grassland
212,43.5430555555556,15.9513888888889,2020-04-01,2021-04-02,0.9,130,grassland
213,43.5430555555556,15.9513888888889,2022-06-02,2023-06-03,0.9,130,grassland
214,51.9902777777778,0.970833333333331,2023-08-23,2024-08-24,0.9,130,grassland
215,51.9902777777778,0.970833333333331,2017-01-01,2018-01-02,0.9,130,grassland
216,51.4763888888889,11.6902777777778,2017-02-19,2018-02-20,0.9,130,grassland
217,51.4763888888889,11.6902777777778,2021-09-02,2022-09-03,0.9,130,grassland
218,55.8875,13.9041666666667,2020-02-15,2021-02-15,0.9,130,grassland
219,55.8875,13.9041666666667,2022-10-14,2023-10-15,0.9,130,grassland
220,48.0208333333333,8.67638888888891,2020-05-23,2021-05-24,0.9,130,grassland
221,48.0208333333333,8.67638888888891,2017-06-17,2018-06-18,0.9,130,grassland
222,50.5986111111111,13.0402777777778,2018-07-19,2019-07-20,0.9,130,grassland
223,50.5986111111111,13.0402777777778,2020-04-28,2021-04-29,0.9,130,grassland
224,53.6097222222222,14.9263888888889,2020-06-27,2021-06-28,0.9,130,grassland
225,53.6097222222222,14.9263888888889,2017-10-22,2018-10-23,0.9,130,grassland
226,49.0097222222222,22.7958333333333,2018-07-20,2019-07-21,0.9,130,grassland
227,49.0097222222222,22.7958333333333,2022-07-15,2023-07-16,0.9,130,grassland
228,48.6208333333333,7.8763888888889,2020-05-16,2021-05-17,0.9,130,grassland
229,48.6208333333333,7.8763888888889,2017-02-02,2018-02-03,0.9,130,grassland
230,45.9847222222222,3.95972222222224,2021-05-02,2022-05-03,0.9,130,grassland
231,45.9847222222222,3.95972222222224,2018-10-13,2019-10-14,0.9,130,grassland
232,46.4347222222222,7.45972222222224,2017-07-20,2018-07-21,0.9,130,grassland
233,46.4347222222222,7.45972222222224,2019-02-04,2020-02-05,0.9,130,grassland
234,51.7708333333333,5.38472222222222,2018-05-18,2019-05-19,0.9,130,grassland
235,51.7708333333333,5.38472222222222,2023-06-01,2024-06-01,0.9,130,grassland
236,50.9513888888889,0.281944444444463,2017-05-02,2018-05-03,0.9,130,grassland
237,50.9513888888889,0.281944444444463,2022-09-28,2023-09-29,0.9,130,grassland
238,45.2375,3.00416666666666,2019-12-16,2020-12-16,0.9,130,grassland
239,45.2375,3.00416666666666,2022-03-19,2023-03-20,0.9,130,grassland
240,51.4847222222222,21.3458333333333,2017-05-14,2018-05-15,0.9,130,grassland
241,51.4847222222222,21.3458333333333,2022-03-27,2023-03-28,0.9,130,grassland
242,58.8208333333333,22.6708333333333,2022-05-27,2023-05-28,0.9,130,grassland
243,58.8208333333333,22.6708333333333,2018-05-01,2019-05-02,0.9,130,grassland
244,47.5291666666667,27.2069444444444,2020-02-28,2021-02-28,0.9,130,grassland
245,47.5291666666667,27.2069444444444,2022-03-29,2023-03-30,0.9,130,grassland
246,49.4402777777778,7.27083333333334,2017-04-20,2018-04-21,0.9,130,grassland
247,49.4402777777778,7.27083333333334,2020-10-28,2021-10-29,0.9,130,grassland
248,49.9680555555556,5.72916666666669,2018-03-12,2019-03-13,0.9,130,grassland
249,49.9680555555556,5.72916666666669,2020-12-02,2021-12-03,0.9,130,grassland
250,49.3430555555556,0.762500000000017,2021-05-30,2022-05-31,0.9,130,grassland
251,49.3430555555556,0.762500000000017,2018-08-23,2019-08-24,0.9,130,grassland
252,48.0569444444444,0.340277777777771,2021-07-15,2022-07-16,0.9,130,grassland
253,48.0569444444444,0.340277777777771,2017-02-09,2018-02-10,0.9,130,grassland
254,48.0902777777778,9.9375,2020-02-15,2021-02-15,0.9,130,grassland
255,48.0902777777778,9.9375,2023-07-03,2024-07-03,0.9,130,grassland
256,46.1458333333333,15.7652777777778,2020-11-16,2021-11-17,0.9,130,grassland
257,46.1458333333333,15.7652777777778,2017-12-24,2018-12-25,0.9,130,grassland
258,56.4125,26.0541666666667,2020-09-20,2021-09-21,0.9,130,grassland
259,56.4125,26.0541666666667,2019-02-26,2020-02-27,0.9,130,grassland
260,47.3152777777778,14.4236111111111,2022-07-22,2023-07-23,0.9,130,grassland
261,47.3152777777778,14.4236111111111,2018-12-21,2019-12-22,0.9,130,grassland
262,53.5597222222222,7.55138888888891,2021-12-30,2022-12-31,0.9,130,grassland
263,53.5597222222222,7.55138888888891,2019-10-13,2020-10-13,0.9,130,grassland
264,42.5513888888889,9.10694444444445,2019-10-25,2020-10-25,0.9,130,grassland
265,42.5513888888889,9.10694444444445,2022-05-09,2023-05-10,0.9,130,grassland
266,50.7347222222222,10.4541666666667,2022-02-11,2023-02-12,0.9,130,grassland
267,50.7347222222222,10.4541666666667,2017-12-09,2018-12-10,0.9,130,grassland
268,52.5847222222222,4.72361111111113,2017-07-13,2018-07-14,0.9,130,grassland
269,52.5847222222222,4.72361111111113,2022-10-09,2023-10-10,0.9,130,grassland
270,50.6875,14.5013888888889,2022-11-21,2023-11-22,0.9,130,grassland
271,50.6875,14.5013888888889,2016-11-12,2017-11-13,0.9,130,grassland
272,47.0319444444445,21.7069444444444,2021-05-15,2022-05-16,0.9,130,grassland
273,47.0319444444445,21.7069444444444,2019-11-03,2020-11-03,0.9,130,grassland
274,46.0597222222222,1.02916666666667,2018-08-25,2019-08-26,0.9,130,grassland
275,46.0597222222222,1.02916666666667,2021-03-08,2022-03-09,0.9,130,grassland
276,54.1875,22.0680555555556,2022-09-26,2023-09-27,0.9,130,grassland
277,54.1875,22.0680555555556,2020-10-03,2021-10-04,0.9,130,grassland
278,54.5875,13.1263888888889,2017-09-02,2018-09-03,0.9,130,grassland
279,54.5875,13.1263888888889,2019-06-30,2020-06-30,0.9,130,grassland
280,47.3486111111111,15.4652777777778,2017-02-23,2018-02-24,0.9,130,grassland
281,47.3486111111111,15.4652777777778,2019-03-25,2020-03-25,0.9,130,grassland
282,46.9430555555556,8.98472222222222,2017-02-15,2018-02-16,0.9,130,grassland
283,46.9430555555556,8.98472222222222,2022-08-17,2023-08-18,0.9,130,grassland
284,50.7763888888889,19.0291666666667,2018-10-20,2019-10-21,0.9,130,grassland
285,50.7763888888889,19.0291666666667,2023-04-12,2024-04-12,0.9,130,grassland
286,44.0597222222222,10.2458333333333,2022-04-26,2023-04-27,0.9,130,grassland
287,44.0597222222222,10.2458333333333,2019-11-10,2020-11-10,0.9,130,grassland
288,51.5152777777778,3.64583333333334,2017-07-19,2018-07-20,0.9,130,grassland
289,51.5152777777778,3.64583333333334,2020-02-22,2021-02-22,0.9,130,grassland
290,51.7986111111111,8.64861111111111,2020-06-20,2021-06-21,0.9,130,grassland
291,51.7986111111111,8.64861111111111,2017-07-14,2018-07-15,0.9,130,grassland
292,52.9208333333334,22.9291666666667,2021-05-30,2022-05-31,0.9,130,grassland
293,52.9208333333334,22.9291666666667,2019-09-23,2020-09-23,0.9,130,grassland
294,58.4847222222222,26.6958333333334,2023-05-08,2024-05-08,0.9,130,grassland
295,58.4847222222222,26.6958333333334,2020-06-16,2021-06-17,0.9,130,grassland
296,54.2097222222222,19.6875,2021-06-06,2022-06-07,0.9,130,grassland
297,54.2097222222222,19.6875,2017-06-20,2018-06-21,0.9,130,grassland
298,54.1152777777778,16.2208333333333,2023-01-16,2024-01-17,0.9,130,grassland
299,54.1152777777778,16.2208333333333,2019-08-24,2020-08-24,0.9,130,grassland
300,47.6486111111111,18.2986111111111,2018-12-20,2019-12-21,0.9,190,urban
301,47.6486111111111,18.2986111111111,2021-05-31,2022-06-01,0.9,190,urban
302,50.7930555555556,6.78472222222223,2023-08-08,2024-08-08,0.9,190,urban
303,50.7930555555556,6.78472222222223,2017-01-29,2018-01-30,0.9,190,urban
304,49.5180555555556,23.9791666666667,2021-08-31,2022-09-01,0.9,190,urban
305,49.5180555555556,23.9791666666667,2019-12-02,2020-12-02,0.9,190,urban
306,51.1319444444445,7.89305555555555,2017-02-13,2018-02-14,0.9,190,urban
307,51.1319444444445,7.89305555555555,2020-05-26,2021-05-27,0.9,190,urban
308,43.1291666666667,6.0263888888889,2017-02-27,2018-02-28,0.9,190,urban
309,43.1291666666667,6.0263888888889,2021-06-28,2022-06-29,0.9,190,urban
310,50.1375,27.5069444444445,2017-06-05,2018-06-06,0.9,190,urban
311,50.1375,27.5069444444445,2021-06-02,2022-06-03,0.9,190,urban
312,46.6402777777778,29.4041666666667,2017-11-20,2018-11-21,0.9,190,urban
313,46.6402777777778,29.4041666666667,2021-04-25,2022-04-26,0.9,190,urban
314,54.5125,9.32361111111112,2020-12-12,2021-12-13,0.9,190,urban
315,54.5125,9.32361111111112,2019-01-23,2020-01-24,0.9,190,urban
316,49.9652777777778,28.9736111111111,2023-03-24,2024-03-24,0.9,190,urban
317,49.9652777777778,28.9736111111111,2019-06-11,2020-06-11,0.9,190,urban
318,50.3541666666667,22.3430555555556,2023-04-30,2024-04-30,0.9,190,urban
319,50.3541666666667,22.3430555555556,2018-06-09,2019-06-10,0.9,190,urban
320,50.0819444444444,19.9041666666667,2017-11-30,2018-12-01,0.9,190,urban
321,50.0819444444444,19.9041666666667,2022-10-23,2023-10-24,0.9,190,urban
322,50.9347222222222,2.44583333333335,2019-02-01,2020-02-02,0.9,190,urban
323,50.9347222222222,2.44583333333335,2022-04-02,2023-04-03,0.9,190,urban
324,45.5069444444445,11.7847222222222,2021-05-21,2022-05-22,0.9,11,cropland_rainfed_herbaceous_cover
325,45.5069444444445,11.7847222222222,2017-02-19,2018-02-20,0.9,11,cropland_rainfed_herbaceous_cover
326,52.4180555555556,28.1208333333333,2018-09-02,2019-09-03,0.9,90,tree_mixed
327,52.4180555555556,28.1208333333333,2022-02-25,2023-02-26,0.9,90,tree_mixed
328,54.8430555555556,28.8180555555556,2018-10-08,2019-10-09,0.9,10,cropland_rainfed
329,54.8430555555556,28.8180555555556,2022-01-22,2023-01-23,0.9,10,cropland_rainfed
330,42.3125,14.1875,2020-09-01,2021-09-02,0.9,12,cropland_rainfed_tree_or_shrub_cover
331,42.3125,14.1875,2018-09-02,2019-09-03,0.9,12,cropland_rainfed_tree_or_shrub_cover
332,46.4208333333334,17.7208333333333,2022-04-29,2023-04-30,0.9,11,cropland_rainfed_herbaceous_cover
333,46.4208333333334,17.7208333333333,2020-01-27,2021-01-27,0.9,11,cropland_rainfed_herbaceous_cover
334,42.3236111111111,24.6125,2021-02-02,2022-02-03,0.9,10,cropland_rainfed
335,42.3236111111111,24.6125,2018-04-19,2019-04-20,0.9,10,cropland_rainfed
336,59.7402777777778,12.6208333333333,2017-07-25,2018-07-26,0.9,70,tree_needleleaved_evergreen_closed_to_open
337,59.7402777777778,12.6208333333333,2022-09-07,2023-09-08,0.9,70,tree_needleleaved_evergreen_closed_to_open
338,55.8819444444445,12.3597222222222,2022-02-28,2023-03-01,0.9,40,mosaic_natural_vegetation
339,55.8819444444445,12.3597222222222,2019-06-30,2020-06-30,0.9,40,mosaic_natural_vegetation
340,61.3652777777778,27.3097222222222,2020-04-05,2021-04-06,0.9,70,tree_needleleaved_evergreen_closed_to_open
341,61.3652777777778,27.3097222222222,2018-02-21,2019-02-22,0.9,70,tree_needleleaved_evergreen_closed_to_open
342,56.2541666666667,15.2652777777778,2021-02-16,2022-02-17,0.9,60,tree_broadleaved_deciduous_closed_to_open
343,56.2541666666667,15.2652777777778,2016-12-18,2017-12-19,0.9,60,tree_broadleaved_deciduous_closed_to_open
344,46.8763888888889,24.3541666666667,2021-06-16,2022-06-17,0.9,10,cropland_rainfed
345,46.8763888888889,24.3541666666667,2016-12-17,2017-12-18,0.9,10,cropland_rainfed
346,49.8625,12.2902777777778,2021-05-17,2022-05-18,0.9,70,tree_needleleaved_evergreen_closed_to_open
347,49.8625,12.2902777777778,2017-09-26,2018-09-27,0.9,70,tree_needleleaved_evergreen_closed_to_open
348,58.3486111111111,7.41527777777779,2019-07-21,2020-07-21,0.9,70,tree_needleleaved_evergreen_closed_to_open
349,58.3486111111111,7.41527777777779,2022-05-19,2023-05-20,0.9,70,tree_needleleaved_evergreen_closed_to_open
350,52.7402777777778,16.9875,2022-04-19,2023-04-20,0.9,11,cropland_rainfed_herbaceous_cover
351,52.7402777777778,16.9875,2017-02-19,2018-02-20,0.9,11,cropland_rainfed_herbaceous_cover
352,54.5236111111111,23.8541666666667,2017-09-18,2018-09-19,0.9,10,cropland_rainfed
353,54.5236111111111,23.8541666666667,2022-09-15,2023-09-16,0.9,10,cropland_rainfed
354,42.9569444444445,1.43194444444444,2023-04-18,2024-04-18,0.9,60,tree_broadleaved_deciduous_closed_to_open
355,42.9569444444445,1.43194444444444,2019-01-02,2020-01-03,0.9,60,tree_broadleaved_deciduous_closed_to_open
356,42.0263888888889,0.531944444444463,2017-06-06,2018-06-07,0.9,180,shrub_or_herbaceous_cover_flooded
357,42.0263888888889,0.531944444444463,2023-02-15,2024-02-16,0.9,180,shrub_or_herbaceous_cover_flooded
358,59.7736111111111,8.72638888888889,2019-10-28,2020-10-28,0.9,70,tree_needleleaved_evergreen_closed_to_open
359,59.7736111111111,8.72638888888889,2021-12-10,2022-12-11,0.9,70,tree_needleleaved_evergreen_closed_to_open
360,50.9875,26.1875,2017-03-29,2018-03-30,0.9,10,cropland_rainfed
361,50.9875,26.1875,2022-10-09,2023-10-10,0.9,10,cropland_rainfed
362,54.5402777777778,24.9319444444444,2017-07-12,2018-07-13,0.9,30,mosaic_cropland
363,54.5402777777778,24.9319444444444,2019-02-01,2020-02-02,0.9,30,mosaic_cropland
364,53.1319444444445,24.2069444444444,2023-08-04,2024-08-04,0.9,10,cropland_rainfed
365,53.1319444444445,24.2069444444444,2017-04-26,2018-04-27,0.9,10,cropland_rainfed
366,61.6736111111111,16.1291666666667,2017-09-04,2018-09-05,0.9,10,cropland_rainfed
367,61.6736111111111,16.1291666666667,2020-09-01,2021-09-02,0.9,10,cropland_rainfed
368,49.1541666666667,9.30416666666667,2018-04-02,2019-04-03,0.9,12,cropland_rainfed_tree_or_shrub_cover
369,49.1541666666667,9.30416666666667,2021-12-08,2022-12-09,0.9,12,cropland_rainfed_tree_or_shrub_cover
370,45.1069444444445,25.9236111111111,2019-05-26,2020-05-26,0.9,60,tree_broadleaved_deciduous_closed_to_open
371,45.1069444444445,25.9236111111111,2023-06-26,2024-06-26,0.9,60,tree_broadleaved_deciduous_closed_to_open
372,46.6569444444445,27.7986111111111,2021-01-22,2022-01-23,0.9,60,tree_broadleaved_deciduous_closed_to_open
373,46.6569444444445,27.7986111111111,2018-03-28,2019-03-29,0.9,60,tree_broadleaved_deciduous_closed_to_open
374,44.0402777777778,24.0652777777778,2016-11-04,2017-11-05,0.9,60,tree_broadleaved_deciduous_closed_to_open
375,44.0402777777778,24.0652777777778,2023-05-09,2024-05-09,0.9,60,tree_broadleaved_deciduous_closed_to_open
376,57.5541666666667,18.2736111111111,2021-07-17,2022-07-18,0.9,70,tree_needleleaved_evergreen_closed_to_open
377,57.5541666666667,18.2736111111111,2017-04-24,2018-04-25,0.9,70,tree_needleleaved_evergreen_closed_to_open
378,45.9847222222222,12.7569444444445,2019-05-13,2020-05-13,0.9,10,cropland_rainfed
379,45.9847222222222,12.7569444444445,2021-08-06,2022-08-07,0.9,10,cropland_rainfed
380,45.0041666666667,10.6902777777778,2019-09-28,2020-09-28,0.9,60,tree_broadleaved_deciduous_closed_to_open
381,45.0041666666667,10.6902777777778,2023-04-02,2024-04-02,0.9,60,tree_broadleaved_deciduous_closed_to_open
382,52.4902777777778,14.6069444444445,2016-11-05,2017-11-06,0.9,11,cropland_rainfed_herbaceous_cover
383,52.4902777777778,14.6069444444445,2019-11-18,2020-11-18,0.9,11,cropland_rainfed_herbaceous_cover
384,42.0791666666667,22.9513888888889,2017-06-05,2018-06-06,0.9,100,mosaic_tree_and_shrub
385,42.0791666666667,22.9513888888889,2022-07-10,2023-07-11,0.9,100,mosaic_tree_and_shrub
386,57.7458333333333,16.5375,2022-12-23,2023-12-24,0.9,70,tree_needleleaved_evergreen_closed_to_open
387,57.7458333333333,16.5375,2018-07-21,2019-07-22,0.9,70,tree_needleleaved_evergreen_closed_to_open
388,52.8402777777778,11.3875,2022-09-23,2023-09-24,0.9,130,grassland
389,52.8402777777778,11.3875,2019-06-06,2020-06-06,0.9,130,grassland
390,59.3125,24.2930555555556,2023-07-09,2024-07-09,0.9,90,tree_mixed
391,59.3125,24.2930555555556,2019-07-02,2020-07-02,0.9,90,tree_mixed
392,59.9541666666667,10.7375,2020-12-14,2021-12-15,0.9,190,urban
393,59.9541666666667,10.7375,2018-08-18,2019-08-19,0.9,190,urban
394,54.6958333333333,17.6736111111111,2023-07-20,2024-07-20,0.9,100,mosaic_tree_and_shrub
395,54.6958333333333,17.6736111111111,2019-05-23,2020-05-23,0.9,100,mosaic_tree_and_shrub
396,59.2291666666667,29.5902777777778,2020-07-04,2021-07-05,0.9,90,tree_mixed
397,59.2291666666667,29.5902777777778,2018-04-23,2019-04-24,0.9,90,tree_mixed
398,61.4763888888889,9.47916666666669,2020-03-21,2021-03-22,0.9,70,tree_needleleaved_evergreen_closed_to_open
399,61.4763888888889,9.47916666666669,2022-07-25,2023-07-26,0.9,70,tree_needleleaved_evergreen_closed_to_open
400,44.8597222222222,9.41805555555555,2022-06-30,2023-07-01,0.9,60,tree_broadleaved_deciduous_closed_to_open
401,44.8597222222222,9.41805555555555,2018-04-25,2019-04-26,0.9,60,tree_broadleaved_deciduous_closed_to_open
402,60.5847222222222,25.1652777777778,2018-06-14,2019-06-15,0.9,70,tree_needleleaved_evergreen_closed_to_open
403,60.5847222222222,25.1652777777778,2023-08-11,2024-08-11,0.9,70,tree_needleleaved_evergreen_closed_to_open
404,45.2486111111111,28.6013888888889,2016-12-25,2017-12-26,0.9,180,shrub_or_herbaceous_cover_flooded
405,45.2486111111111,28.6013888888889,2019-07-22,2020-07-22,0.9,180,shrub_or_herbaceous_cover_flooded
406,55.2319444444445,27.0152777777778,2023-05-18,2024-05-18,0.9,10,cropland_rainfed
407,55.2319444444445,27.0152777777778,2020-10-17,2021-10-18,0.9,10,cropland_rainfed
408,53.8041666666667,27.3375,2018-02-07,2019-02-08,0.9,10,cropland_rainfed
409,53.8041666666667,27.3375,2022-06-04,2023-06-05,0.9,10,cropland_rainfed
410,52.6847222222222,0.0291666666666686,2021-05-06,2022-05-07,0.9,11,cropland_rainfed_herbaceous_cover
411,52.6847222222222,0.0291666666666686,2018-03-26,2019-03-27,0.9,11,cropland_rainfed_herbaceous_cover
412,60.5041666666667,5.16805555555555,2020-12-11,2021-12-12,0.9,70,tree_needleleaved_evergreen_closed_to_open
413,60.5041666666667,5.16805555555555,2017-07-23,2018-07-24,0.9,70,tree_needleleaved_evergreen_closed_to_open
414,44.0986111111111,22.8902777777778,2021-11-04,2022-11-05,0.9,11,cropland_rainfed_herbaceous_cover
415,44.0986111111111,22.8902777777778,2017-01-15,2018-01-16,0.9,11,cropland_rainfed_herbaceous_cover
416,47.7375,20.6208333333333,2020-08-11,2021-08-12,0.9,11,cropland_rainfed_herbaceous_cover
417,47.7375,20.6208333333333,2017-12-31,2019-01-01,0.9,11,cropland_rainfed_herbaceous_cover
418,52.9708333333333,29.6125,2022-08-29,2023-08-30,0.9,10,cropland_rainfed
419,52.9708333333333,29.6125,2020-11-18,2021-11-19,0.9,10,cropland_rainfed
420,56.3958333333333,21.7430555555556,2019-08-23,2020-08-23,0.9,60,tree_broadleaved_deciduous_closed_to_open
421,56.3958333333333,21.7430555555556,2022-04-21,2023-04-22,0.9,60,tree_broadleaved_deciduous_closed_to_open
422,60.1902777777778,23.5097222222222,2020-09-11,2021-09-12,0.9,70,tree_needleleaved_evergreen_closed_to_open
423,60.1902777777778,23.5097222222222,2018-04-01,2019-04-02,0.9,70,tree_needleleaved_evergreen_closed_to_open
424,50.9347222222222,29.5652777777778,2017-06-24,2018-06-25,0.9,10,cropland_rainfed
425,50.9347222222222,29.5652777777778,2022-06-04,2023-06-05,0.9,10,cropland_rainfed
426,52.4847222222222,20.4319444444444,2021-01-14,2022-01-15,0.9,11,cropland_rainfed_herbaceous_cover
427,52.4847222222222,20.4319444444444,2018-03-04,2019-03-05,0.9,11,cropland_rainfed_herbaceous_cover
428,42.4847222222222,11.6680555555556,2019-05-10,2020-05-10,0.9,30,mosaic_cropland
429,42.4847222222222,11.6680555555556,2022-07-07,2023-07-08,0.9,30,mosaic_cropland
430,52.2680555555556,9.6875,2018-08-30,2019-08-31,0.9,60,tree_broadleaved_deciduous_closed_to_open
431,52.2680555555556,9.6875,2021-07-09,2022-07-10,0.9,60,tree_broadleaved_deciduous_closed_to_open
432,42.4097222222222,18.6208333333333,2017-05-21,2018-05-22,0.9,90,tree_mixed
433,42.4097222222222,18.6208333333333,2021-03-13,2022-03-14,0.9,90,tree_mixed
434,55.7152777777778,25.0875,2018-09-21,2019-09-22,0.9,70,tree_needleleaved_evergreen_closed_to_open
435,55.7152777777778,25.0875,2020-08-02,2021-08-03,0.9,70,tree_needleleaved_evergreen_closed_to_open
436,51.1402777777778,15.8986111111111,2019-04-28,2020-04-28,0.9,11,cropland_rainfed_herbaceous_cover
437,51.1402777777778,15.8986111111111,2022-11-25,2023-11-26,0.9,11,cropland_rainfed_herbaceous_cover
438,42.0347222222222,20.5680555555556,2020-11-08,2021-11-09,0.9,100,mosaic_tree_and_shrub
439,42.0347222222222,20.5680555555556,2017-06-27,2018-06-28,0.9,100,mosaic_tree_and_shrub
440,58.1375,28.0930555555556,2020-10-23,2021-10-24,0.9,90,tree_mixed
441,58.1375,28.0930555555556,2018-10-19,2019-10-20,0.9,90,tree_mixed
442,46.0763888888889,21.3013888888889,2017-04-24,2018-04-25,0.9,10,cropland_rainfed
443,46.0763888888889,21.3013888888889,2020-06-11,2021-06-12,0.9,10,cropland_rainfed
444,47.9208333333334,29.3375,2017-10-01,2018-10-02,0.9,10,cropland_rainfed
445,47.9208333333334,29.3375,2019-11-19,2020-11-19,0.9,10,cropland_rainfed
446,49.4791666666667,15.5708333333334,2021-06-01,2022-06-02,0.9,90,tree_mixed
447,49.4791666666667,15.5708333333334,2017-03-28,2018-03-29,0.9,90,tree_mixed
448,48.2097222222222,16.4375,2020-04-11,2021-04-12,0.9,70,tree_needleleaved_evergreen_closed_to_open
449,48.2097222222222,16.4375,2017-02-03,2018-02-04,0.9,70,tree_needleleaved_evergreen_closed_to_open
450,49.2541666666667,3.98750000000001,2018-11-01,2019-11-02,0.9,190,urban
451,49.2541666666667,3.98750000000001,2023-01-02,2024-01-03,0.9,190,urban
452,43.4486111111111,28.2236111111111,2017-08-18,2018-08-19,0.9,10,cropland_rainfed
453,43.4486111111111,28.2236111111111,2022-07-18,2023-07-19,0.9,10,cropland_rainfed
454,61.6458333333333,15.1208333333333,2020-04-03,2021-04-04,0.9,70,tree_needleleaved_evergreen_closed_to_open
455,61.6458333333333,15.1208333333333,2017-01-05,2018-01-06,0.9,70,tree_needleleaved_evergreen_closed_to_open
456,46.9402777777778,16.4208333333334,2018-04-30,2019-05-01,0.9,190,urban
457,46.9402777777778,16.4208333333334,2020-08-19,2021-08-20,0.9,190,urban
458,59.5680555555556,5.67361111111111,2022-04-05,2023-04-06,0.9,180,shrub_or_herbaceous_cover_flooded
459,59.5680555555556,5.67361111111111,2018-09-10,2019-09-11,0.9,180,shrub_or_herbaceous_cover_flooded
460,49.7375,29.9597222222222,2022-07-01,2023-07-02,0.9,10,cropland_rainfed
461,49.7375,29.9597222222222,2018-04-12,2019-04-13,0.9,10,cropland_rainfed
462,60.5958333333333,13.2208333333333,2020-09-22,2021-09-23,0.9,70,tree_needleleaved_evergreen_closed_to_open
463,60.5958333333333,13.2208333333333,2018-09-04,2019-09-05,0.9,70,tree_needleleaved_evergreen_closed_to_open
464,61.3236111111111,10.5375,2018-01-31,2019-02-01,0.9,180,shrub_or_herbaceous_cover_flooded
465,61.3236111111111,10.5375,2023-04-18,2024-04-18,0.9,180,shrub_or_herbaceous_cover_flooded
466,59.7013888888889,28.0986111111111,2022-02-20,2023-02-21,0.9,70,tree_needleleaved_evergreen_closed_to_open
467,59.7013888888889,28.0986111111111,2017-07-04,2018-07-05,0.9,70,tree_needleleaved_evergreen_closed_to_open
468,58.8125,14.9763888888889,2023-05-07,2024-05-07,0.9,10,cropland_rainfed
469,58.8125,14.9763888888889,2019-03-13,2020-03-13,0.9,10,cropland_rainfed
470,49.4708333333333,17.1847222222222,2023-07-01,2024-07-01,0.9,11,cropland_rainfed_herbaceous_cover
471,49.4708333333333,17.1847222222222,2017-08-26,2018-08-27,0.9,11,cropland_rainfed_herbaceous_cover
472,44.7291666666667,6.1513888888889,2020-07-09,2021-07-10,0.9,90,tree_mixed
473,44.7291666666667,6.1513888888889,2017-01-31,2018-02-01,0.9,90,tree_mixed
474,47.6236111111111,7.66249999999999,2019-09-10,2020-09-10,0.9,190,urban
475,47.6236111111111,7.66249999999999,2023-02-01,2024-02-02,0.9,190,urban
476,50.7875,4.79305555555555,2020-06-12,2021-06-13,0.9,11,cropland_rainfed_herbaceous_cover
477,50.7875,4.79305555555555,2018-10-14,2019-10-15,0.9,11,cropland_rainfed_herbaceous_cover
478,61.5569444444444,28.7097222222222,2018-02-27,2019-02-28,0.9,70,tree_needleleaved_evergreen_closed_to_open
479,61.5569444444444,28.7097222222222,2020-03-15,2021-03-16,0.9,70,tree_needleleaved_evergreen_closed_to_open
480,56.7652777777778,13.3013888888889,2017-05-05,2018-05-06,0.9,70,tree_needleleaved_evergreen_closed_to_open
481,56.7652777777778,13.3013888888889,2020-04-05,2021-04-06,0.9,70,tree_needleleaved_evergreen_closed_to_open
482,53.1152777777778,25.3152777777778,2021-03-02,2022-03-03,0.9,10,cropland_rainfed
483,53.1152777777778,25.3152777777778,2017-03-16,2018-03-17,0.9,10,cropland_rainfed
484,53.7513888888889,21.1208333333333,2017-09-24,2018-09-25,0.9,100,mosaic_tree_and_shrub
485,53.7513888888889,21.1208333333333,2023-01-04,2024-01-05,0.9,100,mosaic_tree_and_shrub
486,43.1875,22.3986111111111,2018-07-03,2019-07-04,0.9,10,cropland_rainfed
487,43.1875,22.3986111111111,2020-05-26,2021-05-27,0.9,10,cropland_rainfed
488,55.0430555555556,29.8013888888889,2017-11-21,2018-11-22,0.9,60,tree_broadleaved_deciduous_closed_to_open
489,55.0430555555556,29.8013888888889,2020-05-08,2021-05-09,0.9,60,tree_broadleaved_deciduous_closed_to_open
490,44.3708333333333,3.68194444444444,2020-02-12,2021-02-12,0.9,60,tree_broadleaved_deciduous_closed_to_open
491,44.3708333333333,3.68194444444444,2021-10-31,2022-11-01,0.9,60,tree_broadleaved_deciduous_closed_to_open
492,48.1375,13.7097222222222,2023-08-15,2024-08-15,0.9,11,cropland_rainfed_herbaceous_cover
493,48.1375,13.7097222222222,2020-10-31,2021-11-01,0.9,11,cropland_rainfed_herbaceous_cover
494,43.7097222222222,21.2041666666667,2023-02-16,2024-02-17,0.9,10,cropland_rainfed
495,43.7097222222222,21.2041666666667,2016-11-09,2017-11-10,0.9,10,cropland_rainfed
496,45.2291666666667,0.262500000000017,2023-02-28,2024-02-29,0.9,11,cropland_rainfed_herbaceous_cover
497,45.2291666666667,0.262500000000017,2019-07-12,2020-07-12,0.9,11,cropland_rainfed_herbaceous_cover
498,56.5902777777778,8.19305555555556,2019-11-08,2020-11-08,0.9,11,cropland_rainfed_herbaceous_cover
499,56.5902777777778,8.19305555555556,2022-07-10,2023-07-11,0.9,11,cropland_rainfed_herbaceous_cover
